id,r.squared,adj.r.squared,sigma,statistic,p.value,df,logLik,AIC,BIC,deviance,df.residual,nobs
경기도동두천시_주택용,0.551508476,0.538602246,0.065695366,42.73195489,2.46E-23,4,190.289958,-368.579916,-350.7610362,0.599907471,139,144
경기도수원시_일반용,0.746406535,0.739108882,0.073950142,102.2803452,2.05E-40,4,173.2457266,-334.4914533,-316.6725735,0.76013866,139,144
경기도수원시_주택용,0.637427097,0.626993344,0.085677366,61.09279376,1.08E-29,4,152.0492749,-292.0985499,-274.2796701,1.020344941,139,144
경기도양평군_일반용,0.696252018,0.687511068,0.118615933,79.65405208,5.35E-35,4,105.2057683,-198.4115365,-180.5926567,1.955693784,139,144
경기도양평군_주택용,0.727657692,0.719820503,0.092197194,92.8467741,2.84E-38,4,141.4881689,-270.9763378,-253.157458,1.181544849,139,144
경기도이천시_일반용,0.871865653,0.868178334,0.089389162,236.449728,5.92E-61,4,145.9421262,-279.8842525,-262.0653727,1.11066869,139,144
경기도이천시_주택용,0.64764222,0.637502427,0.089302478,63.87135003,1.51E-30,4,146.0818359,-280.1636718,-262.344792,1.108515625,139,144
경기도파주시_일반용,0.818341483,0.813113899,0.097756721,156.5429847,1.91E-50,4,133.0566437,-254.1132875,-236.2944077,1.328336347,139,144
경기도파주시_주택용,0.742649548,0.73524378,0.088076061,100.2798777,5.66E-40,4,148.073135,-284.14627,-266.3273902,1.078277557,139,144
경상남도거제시_일반용,0.608474563,0.588650491,0.081993909,30.69372127,2.05E-15,4,93.47992528,-174.9598506,-160.3749498,0.53111709,79,84
경상남도거창군_일반용,0.641094636,0.622922212,0.099769085,35.27843359,6.95E-17,4,76.99799998,-141.996,-127.4110992,0.786355749,79,84
경상남도거창군_주택용,0.403774046,0.37358539,0.07637928,13.37502563,2.28E-08,4,99.43833996,-186.8766799,-172.2917791,0.460869761,79,84
경상남도김해시_일반용,0.598957717,0.578651779,0.086059107,29.49667755,5.22E-15,4,89.41521699,-166.830434,-152.2455332,0.585087421,79,84
경상남도김해시_주택용,0.467181937,0.440203808,0.102609495,17.31706169,3.08E-10,4,74.63994261,-137.2798852,-122.6949844,0.831767971,79,84
경상남도남해군_일반용,0.533594762,0.509979307,0.099642439,22.59515054,1.82E-12,4,77.10469615,-142.2093923,-127.6244915,0.784360638,79,84
경상남도남해군_주택용,0.337335762,0.303783143,0.095693464,10.05393219,1.25E-06,4,80.50150244,-149.0030049,-134.4181041,0.723421885,79,84
경상남도밀양시_주택용,0.413471245,0.383773587,0.089956426,13.92268839,1.22E-08,4,85.69476888,-159.3895378,-144.804637,0.639280529,79,84
경상남도산청군_일반용,0.559792155,0.53750315,0.097921575,25.11517041,1.94E-13,4,78.56808247,-145.1361649,-130.5512642,0.757502154,79,84
경상남도양산시_일반용,0.668210573,0.651411108,0.085829902,39.77570635,3.25E-18,4,89.63923667,-167.2784733,-152.6935725,0.581974988,79,84
경상남도양산시_주택용,0.611216388,0.591531142,0.10336788,31.04946631,1.56E-15,4,74.02138328,-136.0427666,-121.4578658,0.84410857,79,84
경상남도의령군_일반용,0.574663074,0.553127027,0.114770376,26.68377702,5.12E-14,4,65.23169677,-118.4633935,-103.8784927,1.040606894,79,84
경상남도진주시_일반용,0.613697377,0.59413775,0.083424298,31.37572065,1.22E-15,4,92.02717504,-172.0543501,-157.4694493,0.549809468,79,84
경상남도진주시_주택용,0.418419934,0.388972842,0.100007535,14.20921069,8.83E-09,4,76.79747778,-141.5949556,-127.0100548,0.790119054,79,84
경상남도창원시_주택용,0.5206628,0.496392562,0.087638173,21.45272744,5.24E-12,4,87.88790195,-163.7758039,-149.1909031,0.606755505,79,84
경상남도통영시_일반용,0.590482665,0.56974761,0.088350063,28.47750661,1.18E-14,4,87.20832204,-162.4166441,-147.8317433,0.616652953,79,84
경상남도통영시_주택용,0.388754121,0.357804963,0.089054311,12.56105628,5.88E-08,4,86.54140311,-161.0828062,-146.4979054,0.626522955,79,84
경상남도함양군_일반용,0.456319489,0.428791362,0.102361272,16.57648146,6.69E-10,4,74.84339322,-137.6867864,-123.1018857,0.827748578,79,84
경상남도합천군_일반용,0.583537398,0.562450684,0.113522386,27.67322575,2.26E-14,4,66.15009795,-120.3001959,-105.7152951,1.018099242,79,84
경상북도경주시_일반용,0.632371948,0.61375787,0.078302853,33.97277743,1.77E-16,4,97.34904304,-182.6980861,-168.1131853,0.484375607,79,84
경상북도경주시_주택용,0.376804053,0.345249828,0.092163958,11.94147697,1.23E-07,4,83.65829463,-155.3165893,-140.7316885,0.671041413,79,84
경상북도구미시_주택용,0.45351423,0.425844064,0.099560624,16.39000781,8.15E-10,4,77.173696,-142.347392,-127.7624912,0.783073107,79,84
경상북도문경시_일반용,0.721607843,0.707512038,0.082948279,51.19309065,3.42E-21,4,92.50785209,-173.0157042,-158.4308034,0.543552938,79,84
경상북도봉화군_일반용,0.663258631,0.646208435,0.096072702,38.90035255,5.79E-18,4,80.1692637,-148.3385274,-133.7536266,0.729167169,79,84
경상북도상주시_일반용,0.70296054,0.687920568,0.079217696,46.73948262,4.32E-20,4,96.37332681,-180.7466536,-166.1617528,0.495760026,79,84
경상북도안동시_일반용,0.715197221,0.700776827,0.07783518,49.59623333,8.33E-21,4,97.85224763,-183.7044953,-169.1195945,0.4786069,79,84
경상북도안동시_주택용,0.428610358,0.399679237,0.079449483,14.81485478,4.49E-09,4,96.12790582,-180.2558116,-165.6709108,0.49866541,79,84
경상북도영덕군_주택용,0.333203837,0.299442006,0.079127155,9.869246628,1.58E-06,4,96.46938916,-180.9387783,-166.3538775,0.494627421,79,84
경상북도영주시_일반용,0.665238096,0.648288126,0.091307302,39.24715512,4.60E-18,4,84.44271831,-156.8854366,-142.3005358,0.658624849,79,84
경상북도영주시_주택용,0.473672899,0.447023426,0.068182162,17.77419354,1.92E-10,4,108.9747328,-205.9494656,-191.3645648,0.367255766,79,84
경상북도영천시_일반용,0.66784674,0.651028853,0.083139984,39.7105032,3.39E-18,4,92.31393984,-172.6278797,-158.0429789,0.546068302,79,84
경상북도영천시_주택용,0.42608787,0.397029028,0.086822232,14.66293359,5.32E-09,4,88.67363449,-165.347269,-150.7623682,0.595509892,79,84
경상북도의성군_일반용,0.680438459,0.664258128,0.100218083,42.05343216,7.50E-19,4,76.62081689,-141.2416338,-126.656733,0.793449462,79,84
경상북도청송군_일반용,0.723418819,0.709414709,0.098645497,51.65760611,2.65E-21,4,77.94936534,-143.8987307,-129.3138299,0.76874379,79,84
경상북도청송군_주택용,0.149634817,0.106578352,0.078713534,3.475315892,0.011453291,4,96.90963293,-181.8192659,-167.2343651,0.489469817,79,84
광주광역시북구_일반용,0.622588201,0.61172743,0.078999708,57.32449291,1.72E-28,4,163.7340877,-315.4681753,-297.6492955,0.867492583,139,144
광주광역시북구_주택용,0.441271531,0.425193014,0.081279279,27.44479039,8.53E-17,4,159.6377251,-307.2754502,-289.4565704,0.918278651,139,144
대전광역시유성구_주택용,0.493807116,0.468177096,0.102015244,19.26674758,4.29E-11,4,75.12783284,-138.2556657,-123.6707649,0.822161696,79,84
서울특별시종로구_일반용,0.752943847,0.745834318,0.063728636,105.9062825,3.36E-41,4,194.666748,-377.333496,-359.5146162,0.564526134,139,144
서울특별시종로구_주택용,0.464768645,0.449366304,0.092632561,30.17519487,4.53E-18,4,140.8097841,-269.6195682,-251.8006884,1.192729988,139,144
인천광역시강화군_일반용,0.670489867,0.65380581,0.113492712,40.18745878,2.48E-18,4,66.17205781,-120.3441156,-105.7592148,1.017567064,79,84
인천광역시강화군_주택용,0.41436949,0.384717312,0.091785025,13.97433586,1.15E-08,4,84.00437323,-156.0087465,-141.4238457,0.665534773,79,84
인천광역시옹진군_일반용,0.650017985,0.632297376,0.10254744,36.68147113,2.61E-17,4,74.69075841,-137.3815168,-122.796616,0.830762223,79,84
인천광역시옹진군_주택용,0.570396787,0.548644726,0.090418201,26.2226543,7.55E-14,4,85.26467331,-158.5293466,-143.9444458,0.645860633,79,84
인천광역시중구_주택용,0.637681356,0.619336108,0.120580113,34.76002954,1.01E-16,4,61.08369532,-110.1673906,-95.58248985,1.148625528,79,84
전라남도강진군_일반용,0.69194995,0.6830852,0.092996146,78.05634414,1.41E-34,4,140.2456864,-268.4913728,-250.672493,1.202111361,139,144
전라남도강진군_주택용,0.181443395,0.157887809,0.080250124,7.702775766,1.23E-05,4,161.4726897,-310.9453793,-293.1264995,0.895171452,139,144
전라남도고흥군_일반용,0.632584607,0.622011502,0.095870287,59.82959759,2.70E-29,4,135.8626076,-259.7252152,-241.9063354,1.277564552,139,144
전라남도고흥군_주택용,0.239455337,0.217569159,0.076575415,10.94093924,9.65E-08,4,168.2222921,-324.4445843,-306.6257045,0.815067383,139,144
전라남도광양시_일반용,0.604640875,0.591989383,0.088691972,47.79206074,2.52E-24,4,133.0235047,-254.0470093,-236.8418026,0.98328323,125,130
전라남도광양시_주택용,0.430850452,0.412637666,0.093400961,23.65648301,1.41E-14,4,126.2983112,-240.5966225,-223.3914158,1.090467433,125,130
전라남도목포시_일반용,0.547002631,0.533966736,0.091565412,41.96126239,4.90E-23,4,142.4783263,-272.9566526,-255.1377728,1.165407242,139,144
전라남도목포시_주택용,0.475833595,0.46074967,0.082084742,31.54574055,1.09E-18,4,158.2177352,-304.4354704,-286.6165906,0.936568784,139,144
전라남도보성군_일반용,0.554977631,0.542078432,0.103465313,43.02419297,2.15E-23,4,124.0347398,-236.0694796,-218.2924118,1.477299794,138,143
전라남도보성군_주택용,0.053546524,0.02611309,0.08040014,1.951870972,0.105307296,4,160.1022716,-308.2045432,-290.4274754,0.89205718,138,143
전라남도순천시_일반용,0.570320642,0.556460018,0.08818704,41.14682166,6.54E-22,4,132.7567569,-253.5135139,-236.3546394,0.964342309,124,129
전라남도여수시_주택용,0.511241337,0.49717634,0.077467862,36.34848411,9.01E-21,4,166.5537493,-321.1074985,-303.2886187,0.834176487,139,144
전라남도영광군_일반용,0.589570533,0.577759613,0.111612836,49.91741006,5.53E-26,4,113.9688532,-215.9377065,-198.1188267,1.73158209,139,144
전라남도영광군_주택용,0.257257933,0.23588406,0.079260737,12.03609375,1.99E-08,4,163.2590697,-314.5181394,-296.6992596,0.873234762,139,144
전라남도완도군_일반용,0.618325092,0.607341642,0.104274838,56.29606906,3.72E-28,4,123.7617128,-235.5234256,-217.7045458,1.511380627,139,144
전라남도완도군_주택용,0.304487503,0.284472755,0.07747602,15.21315689,2.43E-10,4,166.5385867,-321.0771734,-303.2582936,0.834352175,139,144
전라남도장흥군_일반용,0.569862698,0.557484646,0.112952123,46.03815723,1.39E-24,4,112.2512236,-212.5024472,-194.6835674,1.773387326,139,144
전라남도장흥군_주택용,0.283169186,0.262540962,0.075014589,13.72726875,1.85E-09,4,171.18775,-330.3755001,-312.5566203,0.782179202,139,144
전라남도해남군_일반용,0.639834845,0.62947038,0.091699378,61.7335147,6.83E-30,4,142.2677999,-272.5355998,-254.71672,1.168819854,139,144
전라남도해남군_주택용,0.388000593,0.370389099,0.07327593,22.03110075,4.22E-14,4,174.5646129,-337.1292259,-319.3103461,0.746341298,139,144
전라북도고창군_일반용,0.368712841,0.348985117,0.146191574,18.69008536,4.03E-12,4,69.56674926,-127.1334985,-109.7914038,2.73561297,128,133
전라북도고창군_주택용,0.086137416,0.05757921,0.086330781,3.016205449,0.020424186,4,139.6220653,-267.2441306,-249.9020359,0.953984488,128,133
전라북도군산시_일반용,0.524666692,0.510988036,0.108074048,38.35659579,1.33E-21,4,118.6084526,-225.2169052,-207.3980254,1.623519971,139,144
전라북도군산시_주택용,0.386955424,0.369313853,0.089815812,21.93429565,4.74E-14,4,145.2564556,-278.5129112,-260.6940314,1.121296338,139,144
전라북도남원시_일반용,0.607890112,0.596606374,0.097704385,53.87311567,2.39E-27,4,133.1337587,-254.2675175,-236.4486377,1.326914405,139,144
전라북도남원시_주택용,0.429118367,0.412690119,0.070571596,26.12076198,3.71E-16,4,179.9796521,-347.9593042,-330.1404244,0.692268663,139,144
전라북도부안군_일반용,0.551331392,0.538420065,0.106036014,42.70137359,2.53E-23,4,121.3498996,-230.6997993,-212.8809195,1.562865446,139,144
전라북도부안군_주택용,0.215827397,0.193261279,0.082897692,9.564223528,7.34E-07,4,156.7986066,-301.5972132,-283.7783334,0.955211791,139,144
전라북도순창군_일반용,0.743823895,0.736451921,0.087141395,100.8988735,4.12E-40,4,149.6094343,-287.2188685,-269.3999887,1.055513548,139,144
전라북도순창군_주택용,0.278387249,0.257621414,0.074632094,13.40602266,2.89E-09,4,171.9238759,-331.8477517,-314.0288719,0.774222967,139,144
전라북도임실군_일반용,0.619410521,0.608458306,0.124443777,56.55572943,3.06E-28,4,98.29906595,-184.5981319,-166.7792521,2.152589268,139,144
전라북도전주시_일반용,0.685257673,0.67620034,0.08208951,75.657775,6.23E-34,4,158.2093714,-304.4187429,-286.5998631,0.936677586,139,144
전라북도전주시_주택용,0.473152732,0.45799166,0.089657526,31.20839463,1.54E-18,4,145.5104564,-279.0209127,-261.2020329,1.117347611,139,144
전라북도정읍시_일반용,0.699205629,0.690549675,0.082468712,80.77742772,2.72E-35,4,157.5457139,-303.0914277,-285.2725479,0.945351293,139,144
충청남도금산군_일반용,0.578708057,0.566584548,0.08981084,47.73436881,3.34E-25,4,145.2644284,-278.5288567,-260.7099769,1.121172181,139,144
충청남도보령시_일반용,0.589129674,0.577306068,0.112339845,49.826563,5.96E-26,4,113.0339267,-214.0678533,-196.2489735,1.754213459,139,144
충청남도보령시_주택용,0.485377567,0.470568289,0.079869079,32.77523361,3.08E-19,4,162.1580619,-312.3161238,-294.497244,0.886690691,139,144
충청남도부여군_일반용,0.534164675,0.520759342,0.104493607,39.84717662,3.34E-22,4,123.4599172,-234.9198344,-217.1009546,1.517729034,139,144
충청남도서산시_일반용,0.762648354,0.755818091,0.100186622,111.6572425,2.10E-42,4,129.5210543,-247.0421087,-229.2232289,1.395192922,139,144
충청남도서산시_주택용,0.618900442,0.607933548,0.096240939,56.43352217,3.36E-28,4,135.3069499,-258.6138998,-240.79502,1.287462259,139,144
충청남도천안시_일반용,0.653059789,0.643075898,0.092966739,65.41135033,5.18E-31,4,140.2912288,-268.5824577,-250.7635779,1.201351224,139,144
충청남도홍성군_일반용,0.516002989,0.487945191,0.098556906,18.39071596,2.52E-10,4,69.05398323,-126.1079665,-112.2835759,0.670228993,69,74
충청북도보은군_일반용,0.74132908,0.733885312,0.107551393,99.59057436,8.06E-40,4,119.3065377,-226.6130754,-208.7941956,1.607854992,139,144
충청북도보은군_주택용,0.487884664,0.473147532,0.072558942,33.10580822,2.21E-19,4,175.9805565,-339.9611131,-322.1422333,0.731807218,139,144
충청북도영동군_일반용,0.574229289,0.561976894,0.112147603,46.866699,6.91E-25,4,113.2805581,-214.5611163,-196.7422365,1.748214791,139,144
충청북도제천시_일반용,0.619748119,0.608805619,0.09885082,56.63679327,2.88E-28,4,131.4539394,-250.9078788,-233.088999,1.358236375,139,144
충청북도제천시_주택용,0.488820608,0.474110409,0.073843466,33.23004875,1.95E-19,4,173.4536012,-334.9072024,-317.0883226,0.757947194,139,144
충청북도청주시_일반용,0.771176616,0.76459177,0.119904206,117.1138495,1.67E-43,4,103.6502331,-195.3004662,-177.4815864,1.998405599,139,144
충청북도청주시_주택용,0.70769594,0.699284313,0.105083523,84.13305633,3.77E-36,4,122.6492546,-233.2985092,-215.4796294,1.534914016,139,144
충청북도충주시_일반용,0.694154229,0.685352912,0.091000153,78.86935769,8.61E-35,4,143.3700345,-274.7400689,-256.9211891,1.151062875,139,144
충청북도충주시_주택용,0.535163011,0.521786407,0.086163735,40.0073898,2.88E-22,4,151.2341357,-290.4682713,-272.6493915,1.031962291,139,144
