id,term,estimate,std.error,statistic,p.value
경기도동두천시_주택용,(Intercept),5.832328203,0.749632175,7.780253297,1.48E-12
경기도동두천시_주택용,log(grdp_month),0.000517813,0.062926116,0.008228911,0.993446152
경기도동두천시_주택용,log(real_powerCPI),-0.325947164,0.055776103,-5.843849761,3.46E-08
경기도동두천시_주택용,TE_cooling,1.61190898,0.209719958,7.686006598,2.48E-12
경기도동두천시_주택용,TE_heating,1.25720439,0.115156162,10.91738706,2.01E-20
경기도수원시_일반용,(Intercept),1.830929813,1.04085712,1.759059699,0.08076776
경기도수원시_일반용,log(grdp_month),0.475494755,0.07017885,6.775470891,3.23E-10
경기도수원시_일반용,log(real_powerCPI),-0.375258585,0.081680238,-4.594239619,9.64E-06
경기도수원시_일반용,TE_cooling,0.801086502,0.069485144,11.52888892,5.35E-22
경기도수원시_일반용,TE_heating,1.054422613,0.082100607,12.84305505,2.21E-25
경기도수원시_주택용,(Intercept),2.65637961,1.211399191,2.192819369,0.029983619
경기도수원시_주택용,log(grdp_month),0.39006422,0.081666088,4.776330406,4.48E-06
경기도수원시_주택용,log(real_powerCPI),-0.581603806,0.096202191,-6.045639886,1.30E-08
경기도수원시_주택용,TE_cooling,1.21475835,0.21383916,5.680710444,7.56E-08
경기도수원시_주택용,TE_heating,0.956286147,0.171548186,5.574446267,1.25E-07
경기도양평군_일반용,(Intercept),1.851560202,1.777664009,1.041569269,0.29941965
경기도양평군_일반용,log(grdp_month),0.39641935,0.14802787,2.678004826,0.008298846
경기도양평군_일반용,log(real_powerCPI),-0.7800326,0.176273519,-4.425126378,1.93E-05
경기도양평군_일반용,TE_cooling,0.153608549,0.187443468,0.819492672,0.413908301
경기도양평군_일반용,TE_heating,1.497086758,0.1215494,12.31669392,4.99E-24
경기도양평군_주택용,(Intercept),-2.331837557,1.388979421,-1.678813611,0.095435051
경기도양평군_주택용,log(grdp_month),0.704325294,0.115691397,6.087966041,1.05E-08
경기도양평군_주택용,log(real_powerCPI),-0.663620124,0.138338153,-4.797086776,4.10E-06
경기도양평군_주택용,TE_cooling,0.457279021,0.464618471,0.984203274,0.32672561
경기도양평군_주택용,TE_heating,1.397238207,0.227833544,6.132715065,8.45E-09
경기도이천시_일반용,(Intercept),-0.476409033,0.598281685,-0.796295533,0.42721818
경기도이천시_일반용,log(grdp_month),0.549115092,0.04116028,13.3408978,1.18E-26
경기도이천시_일반용,log(real_powerCPI),-0.065390922,0.150170136,-0.43544558,0.663914446
경기도이천시_일반용,TE_cooling,0.912959482,0.119571068,7.635287487,3.28E-12
경기도이천시_일반용,TE_heating,1.172011491,0.075018899,15.62288312,2.12E-32
경기도이천시_주택용,(Intercept),4.228028609,0.606953978,6.965978912,1.19E-10
경기도이천시_주택용,log(grdp_month),0.169246184,0.04179005,4.049915799,8.48E-05
경기도이천시_주택용,log(real_powerCPI),-0.499221703,0.155020539,-3.220358458,0.001594263
경기도이천시_주택용,TE_cooling,1.411287963,0.343320597,4.110699955,6.71E-05
경기도이천시_주택용,TE_heating,1.007371641,0.164559349,6.121631192,8.92E-09
경기도파주시_일반용,(Intercept),-2.310626671,1.067426801,-2.164669904,0.032120679
경기도파주시_일반용,log(grdp_month),0.707232885,0.074129343,9.54052547,6.65E-17
경기도파주시_일반용,log(real_powerCPI),-0.625022206,0.12674823,-4.931210531,2.30E-06
경기도파주시_일반용,TE_cooling,0.766506602,0.138658195,5.528029574,1.55E-07
경기도파주시_일반용,TE_heating,1.138746293,0.081211601,14.02196583,2.17E-28
경기도파주시_주택용,(Intercept),0.133044598,0.961267345,0.138405407,0.890120333
경기도파주시_주택용,log(grdp_month),0.509187923,0.066788384,7.623899498,3.49E-12
경기도파주시_주택용,log(real_powerCPI),-0.611828738,0.114560122,-5.340678111,3.69E-07
경기도파주시_주택용,TE_cooling,4.468353186,1.203520812,3.712734456,0.000295901
경기도파주시_주택용,TE_heating,1.124025144,0.175540613,6.403219894,2.18E-09
경상남도거제시_일반용,(Intercept),3.571737586,1.577710708,2.263873578,0.026324597
경상남도거제시_일반용,log(grdp_month),0.257963596,0.117222204,2.200637657,0.030682037
경상남도거제시_일반용,log(real_powerCPI),-0.050693898,0.169970559,-0.298251052,0.766294596
경상남도거제시_일반용,TE_cooling,0.970268448,0.14488455,6.696838598,2.82E-09
경상남도거제시_일반용,TE_heating,1.349223143,0.149921391,8.999537242,9.75E-14
경상남도거창군_일반용,(Intercept),2.913849053,3.874787571,0.752002271,0.4542844
경상남도거창군_일반용,log(grdp_month),0.231062012,0.330009158,0.700168484,0.485878962
경상남도거창군_일반용,log(real_powerCPI),-0.592969994,0.141608135,-4.187400628,7.28E-05
경상남도거창군_일반용,TE_cooling,0.189497282,0.227325193,0.833595606,0.407022257
경상남도거창군_일반용,TE_heating,1.741272972,0.174269744,9.991826089,1.14E-15
경상남도거창군_주택용,(Intercept),4.651721098,2.950964271,1.576339349,0.118943929
경상남도거창군_주택용,log(grdp_month),0.062191391,0.251420411,0.247360152,0.805271249
경상남도거창군_주택용,log(real_powerCPI),-0.373760075,0.107011732,-3.492701854,0.000786277
경상남도거창군_주택용,TE_cooling,1.423296033,0.681853145,2.087393807,0.040076147
경상남도거창군_주택용,TE_heating,1.421121759,0.233000781,6.099214562,3.71E-08
경상남도김해시_일반용,(Intercept),6.929049845,3.493147248,1.9836123,0.050773174
경상남도김해시_일반용,log(grdp_month),0.06383388,0.249127154,0.256230119,0.798439208
경상남도김해시_일반용,log(real_powerCPI),-0.474388601,0.116061246,-4.087398841,0.000104069
경상남도김해시_일반용,TE_cooling,1.149802133,0.180531926,6.368968397,1.17E-08
경상남도김해시_일반용,TE_heating,0.791804789,0.108593985,7.291423976,2.06E-10
경상남도김해시_주택용,(Intercept),15.73179335,4.201696945,3.744152317,0.000342103
경상남도김해시_주택용,log(grdp_month),-0.579303156,0.299656503,-1.93322404,0.056791331
경상남도김해시_주택용,log(real_powerCPI),-0.743024575,0.137510825,-5.403389705,6.72E-07
경상남도김해시_주택용,TE_cooling,4.127757072,1.343378694,3.072668258,0.002910629
경상남도김해시_주택용,TE_heating,0.57941775,0.226317487,2.560198757,0.012367553
경상남도남해군_일반용,(Intercept),2.048141818,3.67670585,0.557058928,0.579062017
경상남도남해군_일반용,log(grdp_month),0.308089535,0.323061527,0.953655913,0.343166777
경상남도남해군_일반용,log(real_powerCPI),-0.405834901,0.159758381,-2.540304298,0.013035902
경상남도남해군_일반용,TE_cooling,0.516974775,0.143185489,3.610524921,0.000534702
경상남도남해군_일반용,TE_heating,1.623964413,0.19882842,8.167667442,4.11E-12
경상남도남해군_주택용,(Intercept),4.166370335,3.479443968,1.197424179,0.234721863
경상남도남해군_주택용,log(grdp_month),0.069992254,0.305861071,0.228836753,0.819587156
경상남도남해군_주택용,log(real_powerCPI),0.079333016,0.147702567,0.537113318,0.592698954
경상남도남해군_주택용,TE_cooling,3.074944887,0.744950697,4.127715971,9.01E-05
경상남도남해군_주택용,TE_heating,2.831943998,0.483474353,5.857485465,1.03E-07
경상남도밀양시_주택용,(Intercept),3.865973665,3.33697471,1.15852651,0.250139442
경상남도밀양시_주택용,log(grdp_month),0.167660024,0.26888603,0.623535643,0.534728798
경상남도밀양시_주택용,log(real_powerCPI),-0.393365827,0.160082808,-2.457264666,0.016190786
경상남도밀양시_주택용,TE_cooling,1.673300752,0.561195548,2.981671463,0.003810321
경상남도밀양시_주택용,TE_heating,1.649252408,0.307215957,5.368381331,7.75E-07
경상남도산청군_일반용,(Intercept),-1.369379382,3.281723287,-0.417274481,0.677609462
경상남도산청군_일반용,log(grdp_month),0.582575559,0.289413221,2.012954199,0.04752608
경상남도산청군_일반용,log(real_powerCPI),-0.472101715,0.173300651,-2.72417739,0.007932892
경상남도산청군_일반용,TE_cooling,0.066044725,0.16286834,0.405509907,0.68619888
경상남도산청군_일반용,TE_heating,1.671147107,0.213978149,7.809896068,2.04E-11
경상남도양산시_일반용,(Intercept),5.650800804,3.703536983,1.5257849,0.131057184
경상남도양산시_일반용,log(grdp_month),0.128365449,0.271305707,0.47313951,0.637418389
경상남도양산시_일반용,log(real_powerCPI),-0.943090284,0.121296676,-7.775071136,2.39E-11
경상남도양산시_일반용,TE_cooling,0.514188346,0.142114377,3.618130394,0.000521418
경상남도양산시_일반용,TE_heating,0.674049367,0.097369614,6.922584331,1.05E-09
경상남도양산시_주택용,(Intercept),8.911723607,4.460451999,1.997941825,0.04916448
경상남도양산시_주택용,log(grdp_month),-0.125179394,0.326944318,-0.382876799,0.702839379
경상남도양산시_주택용,log(real_powerCPI),-1.372922842,0.143879911,-9.542144117,8.53E-15
경상남도양산시_주택용,TE_cooling,0.482848735,0.607390804,0.794955623,0.429021192
경상남도양산시_주택용,TE_heating,0.543125769,0.208445689,2.605598478,0.010956762
경상남도의령군_일반용,(Intercept),2.116240421,3.892523497,0.543667989,0.588200948
경상남도의령군_일반용,log(grdp_month),0.245055006,0.346876815,0.706461187,0.481979813
경상남도의령군_일반용,log(real_powerCPI),-1.00159635,0.204335597,-4.9017223,4.97E-06
경상남도의령군_일반용,TE_cooling,-0.112699867,0.274227919,-0.410971529,0.68220608
경상남도의령군_일반용,TE_heating,1.590554531,0.212568675,7.482544334,8.81E-11
경상남도진주시_일반용,(Intercept),3.217190118,3.016243024,1.066621652,0.289391564
경상남도진주시_일반용,log(grdp_month),0.316452391,0.224829777,1.407519925,0.163195873
경상남도진주시_일반용,log(real_powerCPI),-0.387858086,0.143935246,-2.694670681,0.008604288
경상남도진주시_일반용,TE_cooling,0.747978029,0.137985444,5.42070239,6.26E-07
경상남도진주시_일반용,TE_heating,1.191347763,0.138438037,8.605638967,5.73E-13
경상남도진주시_주택용,(Intercept),8.291075103,3.581874366,2.314730852,0.023225296
경상남도진주시_주택용,log(grdp_month),-0.080670953,0.267224209,-0.301884898,0.763533104
경상남도진주시_주택용,log(real_powerCPI),-0.702283496,0.169676394,-4.13895817,8.66E-05
경상남도진주시_주택용,TE_cooling,1.17118478,0.463100541,2.529007585,0.013429741
경상남도진주시_주택용,TE_heating,0.957201792,0.250784349,3.816832258,0.000267249
경상남도창원시_주택용,(Intercept),11.26424646,4.025275815,2.798378788,0.006450468
경상남도창원시_주택용,log(grdp_month),-0.200327054,0.269596985,-0.743061181,0.459648656
경상남도창원시_주택용,log(real_powerCPI),-0.532081309,0.118292516,-4.498013292,2.33E-05
경상남도창원시_주택용,TE_cooling,1.517087175,0.308638635,4.91541565,4.71E-06
경상남도창원시_주택용,TE_heating,0.973248785,0.197115389,4.937457145,4.32E-06
경상남도통영시_일반용,(Intercept),9.16717523,2.222799297,4.124157878,9.13E-05
경상남도통영시_일반용,log(grdp_month),-0.200959887,0.177954542,-1.129276524,0.26219861
경상남도통영시_일반용,log(real_powerCPI),-0.144635563,0.167981939,-0.861018532,0.391833604
경상남도통영시_일반용,TE_cooling,0.741744038,0.129769492,5.715858359,1.86E-07
경상남도통영시_일반용,TE_heating,1.666262082,0.178573834,9.330941948,2.20E-14
경상남도통영시_주택용,(Intercept),7.681365745,2.23145304,3.442315661,0.000925014
경상남도통영시_주택용,log(grdp_month),-0.11853977,0.178438338,-0.664317833,0.50842131
경상남도통영시_주택용,log(real_powerCPI),-0.040935695,0.166873531,-0.245309698,0.806852779
경상남도통영시_주택용,TE_cooling,1.895425989,0.365297788,5.188714662,1.60E-06
경상남도통영시_주택용,TE_heating,0.911689393,0.185243947,4.921561047,4.60E-06
경상남도함양군_일반용,(Intercept),1.639978819,3.629491331,0.451848116,0.652616552
경상남도함양군_일반용,log(grdp_month),0.305627322,0.320922813,0.952339037,0.343829816
경상남도함양군_일반용,log(real_powerCPI),-0.459701681,0.158035964,-2.908842208,0.00470907
경상남도함양군_일반용,TE_cooling,0.548652946,0.24588454,2.231343813,0.028492963
경상남도함양군_일반용,TE_heating,1.470060256,0.212108119,6.930711856,1.01E-09
경상남도합천군_일반용,(Intercept),1.363510952,4.154470928,0.328203272,0.743626286
경상남도합천군_일반용,log(grdp_month),0.358808362,0.364435429,0.984559495,0.327846301
경상남도합천군_일반용,log(real_powerCPI),-0.876408083,0.150180117,-5.835713127,1.13E-07
경상남도합천군_일반용,TE_cooling,-0.382293852,0.285365938,-1.339661823,0.184196412
경상남도합천군_일반용,TE_heating,1.47818111,0.223846624,6.603544363,4.24E-09
경상북도경주시_일반용,(Intercept),4.912055681,1.927078018,2.548965655,0.012741023
경상북도경주시_일반용,log(grdp_month),0.182085474,0.141243774,1.289157523,0.201105297
경상북도경주시_일반용,log(real_powerCPI),-0.334420412,0.102933658,-3.248892731,0.001702549
경상북도경주시_일반용,TE_cooling,0.845173275,0.137196842,6.160296842,2.86E-08
경상북도경주시_일반용,TE_heating,1.342737979,0.130705907,10.27297091,3.28E-16
경상북도경주시_주택용,(Intercept),6.538169468,2.275000525,2.873919982,0.005206083
경상북도경주시_주택용,log(grdp_month),0.026507213,0.166876483,0.158843313,0.874197696
경상북도경주시_주택용,log(real_powerCPI),-0.673801863,0.119433754,-5.641636801,2.53E-07
경상북도경주시_주택용,TE_cooling,1.143910484,0.586693655,1.949757723,0.054753151
경상북도경주시_주택용,TE_heating,1.144823492,0.341684135,3.350531602,0.001238989
경상북도구미시_주택용,(Intercept),10.91571727,1.989210245,5.487462824,4.77E-07
경상북도구미시_주택용,log(grdp_month),-0.243221973,0.135499522,-1.795002435,0.076477972
경상북도구미시_주택용,log(real_powerCPI),-0.438714728,0.190708993,-2.3004407,0.024061778
경상북도구미시_주택용,TE_cooling,1.29414142,0.374808003,3.452811599,0.000894334
경상북도구미시_주택용,TE_heating,1.062056412,0.277195286,3.831437494,0.000254226
경상북도문경시_일반용,(Intercept),4.558678869,1.906259055,2.391426736,0.019160933
경상북도문경시_일반용,log(grdp_month),0.117157471,0.161092806,0.727266934,0.469212247
경상북도문경시_일반용,log(real_powerCPI),-0.39402761,0.143645455,-2.743056576,0.007528767
경상북도문경시_일반용,TE_cooling,0.506093125,0.214916269,2.35483859,0.021013429
경상북도문경시_일반용,TE_heating,1.940189282,0.154201928,12.58213374,1.47E-20
경상북도봉화군_일반용,(Intercept),4.11517476,1.737662996,2.368223741,0.020318036
경상북도봉화군_일반용,log(grdp_month),0.075560138,0.1521914,0.496480998,0.620933769
경상북도봉화군_일반용,log(real_powerCPI),-0.51938379,0.141936666,-3.659264394,0.000454838
경상북도봉화군_일반용,TE_cooling,-1.314451079,0.396738051,-3.313145979,0.001393638
경상북도봉화군_일반용,TE_heating,2.164265112,0.256460597,8.438977115,1.21E-12
경상북도상주시_일반용,(Intercept),3.89357791,1.617012989,2.407882891,0.018376239
경상북도상주시_일반용,log(grdp_month),0.175902231,0.133103082,1.321548899,0.190132899
경상북도상주시_일반용,log(real_powerCPI),-0.250335268,0.103998076,-2.407114423,0.018412235
경상북도상주시_일반용,TE_cooling,0.531766128,0.125802899,4.226978321,6.31E-05
경상북도상주시_일반용,TE_heating,1.887962345,0.145655544,12.96182958,3.00E-21
경상북도안동시_일반용,(Intercept),6.084977241,0.972258252,6.258601797,1.88E-08
경상북도안동시_일반용,log(grdp_month),0.055350135,0.074731833,0.740650041,0.461101396
경상북도안동시_일반용,log(real_powerCPI),-0.298195299,0.152462147,-1.955864488,0.054016226
경상북도안동시_일반용,TE_cooling,0.732467962,0.186612155,3.925081733,0.000184066
경상북도안동시_일반용,TE_heating,1.735828048,0.138301707,12.55102404,1.68E-20
경상북도안동시_주택용,(Intercept),5.379546447,0.995139063,5.405823817,6.66E-07
경상북도안동시_주택용,log(grdp_month),0.079117478,0.076834158,1.029717517,0.306284984
경상북도안동시_주택용,log(real_powerCPI),-0.330430489,0.157411683,-2.099148439,0.038997153
경상북도안동시_주택용,TE_cooling,2.055024177,0.841798246,2.44123124,0.016873411
경상북도안동시_주택용,TE_heating,1.298850515,0.216532153,5.998418706,5.68E-08
경상북도영덕군_주택용,(Intercept),5.730197972,1.667360682,3.436687715,0.000941872
경상북도영덕군_주택용,log(grdp_month),-0.076134398,0.150239639,-0.506753067,0.61373961
경상북도영덕군_주택용,log(real_powerCPI),-0.155866585,0.101729237,-1.532170985,0.129475229
경상북도영덕군_주택용,TE_cooling,6.334177827,2.677361753,2.365828159,0.02044097
경상북도영덕군_주택용,TE_heating,1.985658864,0.330739438,6.003695461,5.56E-08
경상북도영주시_일반용,(Intercept),6.482447537,2.170571778,2.986516089,0.003756568
경상북도영주시_일반용,log(grdp_month),-0.018866873,0.174916394,-0.107862232,0.914378451
경상북도영주시_일반용,log(real_powerCPI),-0.563493562,0.13335162,-4.225622185,6.34E-05
경상북도영주시_일반용,TE_cooling,0.272683337,0.197796447,1.378605836,0.171907743
경상북도영주시_일반용,TE_heating,1.765589231,0.158464668,11.1418479,7.14E-18
경상북도영주시_주택용,(Intercept),5.796640249,1.62023907,3.577645026,0.000595914
경상북도영주시_주택용,log(grdp_month),0.010404071,0.130686031,0.079611191,0.936747817
경상북도영주시_주택용,log(real_powerCPI),-0.454742412,0.099020059,-4.592427171,1.63E-05
경상북도영주시_주택용,TE_cooling,1.410464718,0.503382637,2.801973317,0.00638556
경상북도영주시_주택용,TE_heating,1.17872832,0.178289582,6.611313516,4.10E-09
경상북도영천시_일반용,(Intercept),5.307373981,2.059464236,2.577065378,0.011825322
경상북도영천시_일반용,log(grdp_month),0.071298893,0.163424431,0.436280504,0.663823214
경상북도영천시_일반용,log(real_powerCPI),-0.499230179,0.123998746,-4.02609055,0.000129279
경상북도영천시_일반용,TE_cooling,0.527970622,0.16019546,3.295790166,0.001471438
경상북도영천시_일반용,TE_heating,1.687623276,0.153220835,11.01431982,1.25E-17
경상북도영천시_주택용,(Intercept),2.215003359,2.149259989,1.03058884,0.305878595
경상북도영천시_주택용,log(grdp_month),0.289377327,0.170759025,1.694653187,0.094080027
경상북도영천시_주택용,log(real_powerCPI),-0.551914028,0.127748443,-4.320319017,4.49E-05
경상북도영천시_주택용,TE_cooling,0.525940112,0.384452567,1.368023411,0.175183438
경상북도영천시_주택용,TE_heating,1.164113541,0.262879037,4.428323967,3.02E-05
경상북도의성군_일반용,(Intercept),1.741230515,2.61340331,0.666269346,0.507180002
경상북도의성군_일반용,log(grdp_month),0.312897954,0.226401064,1.382051608,0.170851276
경상북도의성군_일반용,log(real_powerCPI),-0.713221196,0.131603556,-5.419467518,6.30E-07
경상북도의성군_일반용,TE_cooling,0.037360811,0.219525884,0.170188636,0.865296881
경상북도의성군_일반용,TE_heating,1.919499585,0.205574639,9.337239235,2.14E-14
경상북도청송군_일반용,(Intercept),1.101097528,1.927010961,0.571401798,0.569349432
경상북도청송군_일반용,log(grdp_month),0.348511343,0.175361525,1.987387727,0.050345027
경상북도청송군_일반용,log(real_powerCPI),-0.812897109,0.130169279,-6.244922878,1.99E-08
경상북도청송군_일반용,TE_cooling,0.662666123,0.441077225,1.502381183,0.136985605
경상북도청송군_일반용,TE_heating,1.64753121,0.136096205,12.10563666,1.11E-19
경상북도청송군_주택용,(Intercept),3.911086838,1.541982661,2.536401308,0.01317078
경상북도청송군_주택용,log(grdp_month),0.050703078,0.140153945,0.361767042,0.71849196
경상북도청송군_주택용,log(real_powerCPI),-0.325970841,0.1040654,-3.132365229,0.002432338
경상북도청송군_주택용,TE_cooling,0.24167876,0.871082088,0.277446596,0.78216195
경상북도청송군_주택용,TE_heating,0.73021639,0.333044805,2.192547006,0.031282783
광주광역시북구_일반용,(Intercept),7.450196812,1.13059995,6.589595915,8.44E-10
광주광역시북구_일반용,log(grdp_month),0.001974306,0.082892862,0.023817568,0.981032284
광주광역시북구_일반용,log(real_powerCPI),-0.265259088,0.093882371,-2.825440853,0.005417421
광주광역시북구_일반용,TE_cooling,0.913389416,0.082070186,11.12936934,5.73E-21
광주광역시북구_일반용,TE_heating,1.505104539,0.113626803,13.24603441,2.06E-26
광주광역시북구_주택용,(Intercept),7.517894987,1.168746048,6.432445268,1.88E-09
광주광역시북구_주택용,log(grdp_month),-0.00780983,0.085740145,-0.091087204,0.927554433
광주광역시북구_주택용,log(real_powerCPI),-0.422511722,0.097898112,-4.315831146,3.00E-05
광주광역시북구_주택용,TE_cooling,2.164144293,0.349055885,6.199993722,6.05E-09
광주광역시북구_주택용,TE_heating,1.227530388,0.180978709,6.782733708,3.11E-10
대전광역시유성구_주택용,(Intercept),1.598100762,2.278620097,0.701345856,0.485148107
대전광역시유성구_주택용,log(grdp_month),0.401629339,0.163250035,2.460209821,0.01606812
대전광역시유성구_주택용,log(real_powerCPI),-0.433508281,0.184223396,-2.353166267,0.021101779
대전광역시유성구_주택용,TE_cooling,0.954808348,0.237697039,4.016913089,0.000133524
대전광역시유성구_주택용,TE_heating,0.834022998,0.247399069,3.371164666,0.001160706
서울특별시종로구_일반용,(Intercept),10.08982116,1.449329446,6.961716808,1.22E-10
서울특별시종로구_일반용,log(grdp_month),-0.143994084,0.097922811,-1.470485614,0.14369033
서울특별시종로구_일반용,log(real_powerCPI),0.022311729,0.079053671,0.282235209,0.778182966
서울특별시종로구_일반용,TE_cooling,0.892337125,0.051042299,17.48230658,6.50E-37
서울특별시종로구_일반용,TE_heating,1.574418816,0.086873809,18.12305497,1.99E-38
서울특별시종로구_주택용,(Intercept),1.509706134,2.136304269,0.706690595,0.480941737
서울특별시종로구_주택용,log(grdp_month),0.339291394,0.144339702,2.350644967,0.020146676
서울특별시종로구_주택용,log(real_powerCPI),0.031486058,0.119023306,0.264536916,0.791758069
서울특별시종로구_주택용,TE_cooling,1.52236789,0.162155434,9.388324835,1.61E-16
서울특별시종로구_주택용,TE_heating,1.194721193,0.173799326,6.874141677,1.93E-10
인천광역시강화군_일반용,(Intercept),0.558313797,2.649083603,0.210757334,0.833619314
인천광역시강화군_일반용,log(grdp_month),0.468327054,0.225098455,2.080543173,0.040716816
인천광역시강화군_일반용,log(real_powerCPI),-0.216680472,0.273811528,-0.791348976,0.431109923
인천광역시강화군_일반용,TE_cooling,0.450517983,0.202221598,2.227843055,0.028735413
인천광역시강화군_일반용,TE_heating,1.660001474,0.17002534,9.763259262,3.17E-15
인천광역시강화군_주택용,(Intercept),0.920049714,2.143170584,0.429293739,0.668877995
인천광역시강화군_주택용,log(grdp_month),0.383025462,0.18223954,2.101769255,0.038760038
인천광역시강화군_주택용,log(real_powerCPI),-0.131780573,0.220992237,-0.596313132,0.552670953
인천광역시강화군_주택용,TE_cooling,1.442488152,0.622655771,2.316670332,0.023113773
인천광역시강화군_주택용,TE_heating,1.439679981,0.35359268,4.071577443,0.00011008
인천광역시옹진군_일반용,(Intercept),1.974089681,1.180983351,1.671564361,0.098567072
인천광역시옹진군_일반용,log(grdp_month),0.327622798,0.107168935,3.057068703,0.003049303
인천광역시옹진군_일반용,log(real_powerCPI),-0.535476985,0.167110291,-3.204332797,0.00195329
인천광역시옹진군_일반용,TE_cooling,0.423017148,0.211757632,1.99764771,0.049197056
인천광역시옹진군_일반용,TE_heating,1.649972873,0.177379664,9.301928036,2.51E-14
인천광역시옹진군_주택용,(Intercept),-0.398370669,1.038311912,-0.383671481,0.702252585
인천광역시옹진군_주택용,log(grdp_month),0.422682178,0.093711799,4.510447819,2.22E-05
인천광역시옹진군_주택용,log(real_powerCPI),-0.537284447,0.145703945,-3.687507899,0.000413893
인천광역시옹진군_주택용,TE_cooling,0.175940113,0.292795648,0.600897295,0.549628606
인천광역시옹진군_주택용,TE_heating,1.578035803,0.635907201,2.481550453,0.015203867
인천광역시중구_주택용,(Intercept),13.27060056,1.520196495,8.729529769,3.28E-13
인천광역시중구_주택용,log(grdp_month),-0.502598956,0.109741691,-4.579836081,1.71E-05
인천광역시중구_주택용,log(real_powerCPI),-1.323621156,0.163610035,-8.09009761,5.82E-12
인천광역시중구_주택용,TE_cooling,0.441323866,0.370153617,1.192272195,0.236723597
인천광역시중구_주택용,TE_heating,1.370671545,0.304367834,4.503339032,2.28E-05
전라남도강진군_일반용,(Intercept),-0.69819309,1.460650807,-0.478001372,0.633400112
전라남도강진군_일반용,log(grdp_month),0.517263967,0.130446906,3.965321845,0.000116824
전라남도강진군_일반용,log(real_powerCPI),-0.339523684,0.159728142,-2.125634715,0.035301802
전라남도강진군_일반용,TE_cooling,0.806594296,0.153040649,5.270457875,5.08E-07
전라남도강진군_일반용,TE_heating,1.063027321,0.078388557,13.56100122,3.23E-27
전라남도강진군_주택용,(Intercept),4.311171186,1.241270426,3.473192543,0.000685994
전라남도강진군_주택용,log(grdp_month),0.0412512,0.111064186,0.371417658,0.710892006
전라남도강진군_주택용,log(real_powerCPI),-0.090162424,0.137242236,-0.65695829,0.512294
전라남도강진군_주택용,TE_cooling,3.848807094,0.97398343,3.951614552,0.000123002
전라남도강진군_주택용,TE_heating,1.126423915,0.254440147,4.427068325,1.92E-05
전라남도고흥군_일반용,(Intercept),-1.440586716,1.327131114,-1.085489369,0.279583957
전라남도고흥군_일반용,log(grdp_month),0.602516194,0.113445427,5.311066391,4.22E-07
전라남도고흥군_일반용,log(real_powerCPI),-0.348671301,0.123514615,-2.822915336,0.005457906
전라남도고흥군_일반용,TE_cooling,0.52570221,0.123988516,4.239926608,4.05E-05
전라남도고흥군_일반용,TE_heating,1.474220543,0.138144532,10.67158085,8.63E-20
전라남도고흥군_주택용,(Intercept),4.857639662,1.063691119,4.566776552,1.08E-05
전라남도고흥군_주택용,log(grdp_month),0.052191282,0.090935549,0.573937063,0.566937937
전라남도고흥군_주택용,log(real_powerCPI),-0.017187116,0.099200092,-0.173257059,0.862701421
전라남도고흥군_주택용,TE_cooling,2.06738028,0.448044248,4.614232386,8.87E-06
전라남도고흥군_주택용,TE_heating,1.295968633,0.21381287,6.061228355,1.20E-08
전라남도광양시_일반용,(Intercept),2.785786416,2.229600448,1.249455443,0.213833048
전라남도광양시_일반용,log(grdp_month),0.274566734,0.163378194,1.680559241,0.095345866
전라남도광양시_일반용,log(real_powerCPI),-0.493204924,0.110674276,-4.456364586,1.83E-05
전라남도광양시_일반용,TE_cooling,0.804648223,0.118332221,6.799908076,3.84E-10
전라남도광양시_일반용,TE_heating,0.796745216,0.079528812,10.01832165,1.06E-17
전라남도광양시_주택용,(Intercept),2.780082264,2.340443803,1.187844057,0.237147
전라남도광양시_주택용,log(grdp_month),0.259424573,0.171619215,1.511628948,0.133152301
전라남도광양시_주택용,log(real_powerCPI),-0.474443173,0.115887029,-4.09401447,7.56E-05
전라남도광양시_주택용,TE_cooling,1.403456179,0.319734797,4.389438341,2.39E-05
전라남도광양시_주택용,TE_heating,0.284700649,0.163128586,1.745252964,0.08339823
전라남도목포시_일반용,(Intercept),7.135715317,2.228798655,3.201597104,0.001694081
전라남도목포시_일반용,log(grdp_month),-0.001928899,0.174729448,-0.011039348,0.991207882
전라남도목포시_일반용,log(real_powerCPI),-0.199477344,0.125996139,-1.583202036,0.115648064
전라남도목포시_일반용,TE_cooling,0.921330723,0.110271251,8.355130765,6.01E-14
전라남도목포시_일반용,TE_heating,1.441637598,0.121033837,11.91102949,5.53E-23
전라남도목포시_주택용,(Intercept),5.625805132,1.985154769,2.833937796,0.005283213
전라남도목포시_주택용,log(grdp_month),0.091241339,0.155719985,0.585932107,0.558871334
전라남도목포시_주택용,log(real_powerCPI),-0.365731846,0.113496853,-3.222396355,0.001583756
전라남도목포시_주택용,TE_cooling,1.807846889,0.291554489,6.200717054,6.03E-09
전라남도목포시_주택용,TE_heating,1.060107966,0.134991606,7.853139886,9.91E-13
전라남도보성군_일반용,(Intercept),1.696211277,2.10566024,0.805548419,0.421889115
전라남도보성군_일반용,log(grdp_month),0.31604682,0.187567455,1.684976857,0.094253179
전라남도보성군_일반용,log(real_powerCPI),-0.546917284,0.12497293,-4.376285996,2.36E-05
전라남도보성군_일반용,TE_cooling,0.72232801,0.178029998,4.057338764,8.27E-05
전라남도보성군_일반용,TE_heating,1.108411647,0.105541381,10.50215219,2.53E-19
전라남도보성군_주택용,(Intercept),5.215855118,1.628682359,3.202499917,0.001691663
전라남도보성군_주택용,log(grdp_month),-0.020614226,0.14505817,-0.142110067,0.887200329
전라남도보성군_주택용,log(real_powerCPI),-0.070101873,0.097249178,-0.720847976,0.472222418
전라남도보성군_주택용,TE_cooling,2.538438579,1.165714508,2.1775817,0.031136891
전라남도보성군_주택용,TE_heating,0.498129154,0.31209366,1.596088668,0.112756508
전라남도순천시_일반용,(Intercept),4.038042301,2.448788741,1.648995781,0.101679748
전라남도순천시_일반용,log(grdp_month),0.244170589,0.186914325,1.306323575,0.193860437
전라남도순천시_일반용,log(real_powerCPI),-0.464960747,0.104668931,-4.442204006,1.95E-05
전라남도순천시_일반용,TE_cooling,0.869810781,0.125975666,6.904593611,2.32E-10
전라남도순천시_일반용,TE_heating,0.884328623,0.100658759,8.785411536,1.06E-14
전라남도여수시_주택용,(Intercept),9.434617537,2.299679368,4.102579546,6.93E-05
전라남도여수시_주택용,log(grdp_month),-0.170370188,0.158055957,-1.077910582,0.282940742
전라남도여수시_주택용,log(real_powerCPI),-0.434496794,0.068499441,-6.343070612,2.96E-09
전라남도여수시_주택용,TE_cooling,2.092832209,0.295929876,7.072054489,6.81E-11
전라남도여수시_주택용,TE_heating,1.191330783,0.155648006,7.654006067,2.96E-12
전라남도영광군_일반용,(Intercept),3.33532246,1.182990985,2.819398038,0.005514751
전라남도영광군_일반용,log(grdp_month),0.186652457,0.09708812,1.922505617,0.056587686
전라남도영광군_일반용,log(real_powerCPI),-0.83954915,0.114728157,-7.31772539,1.84E-11
전라남도영광군_일반용,TE_cooling,0.392681464,0.233797848,1.679576898,0.095286003
전라남도영광군_일반용,TE_heating,1.325729077,0.133196026,9.953217951,5.95E-18
전라남도영광군_주택용,(Intercept),6.556093171,0.83545134,7.84736687,1.02E-12
전라남도영광군_주택용,log(grdp_month),-0.113840929,0.068841338,-1.653671065,0.100451034
전라남도영광군_주택용,log(real_powerCPI),-0.335721982,0.081281206,-4.130376493,6.22E-05
전라남도영광군_주택용,TE_cooling,63.63457371,15.61956397,4.074030098,7.73E-05
전라남도영광군_주택용,TE_heating,1.148343037,0.219636598,5.228377447,6.14E-07
전라남도완도군_일반용,(Intercept),-4.032205187,1.475201144,-2.733325692,0.007085404
전라남도완도군_일반용,log(grdp_month),0.843234038,0.128790357,6.547338286,1.05E-09
전라남도완도군_일반용,log(real_powerCPI),-0.17906013,0.158302259,-1.131128076,0.259948989
전라남도완도군_일반용,TE_cooling,0.526987172,0.150701791,3.496887265,0.00063238
전라남도완도군_일반용,TE_heating,2.075971951,0.235407853,8.818618086,4.31E-15
전라남도완도군_주택용,(Intercept),3.875763595,1.082259867,3.581176494,0.000471911
전라남도완도군_주택용,log(grdp_month),0.115067177,0.094334457,1.21977886,0.224614317
전라남도완도군_주택용,log(real_powerCPI),-0.193009668,0.11441442,-1.686934803,0.093858866
전라남도완도군_주택용,TE_cooling,0.936741873,0.648940076,1.443495183,0.151131003
전라남도완도군_주택용,TE_heating,2.27381198,0.362421882,6.273936795,4.18E-09
전라남도장흥군_일반용,(Intercept),-6.581419368,1.961287316,-3.355663045,0.001021068
전라남도장흥군_일반용,log(grdp_month),1.050084072,0.173679069,6.046117595,1.29E-08
전라남도장흥군_일반용,log(real_powerCPI),0.117618379,0.189996783,0.619054582,0.536893672
전라남도장흥군_일반용,TE_cooling,0.534766245,0.153295073,3.4884764,0.000650944
전라남도장흥군_일반용,TE_heating,1.585204806,0.183156118,8.654937804,1.10E-14
전라남도장흥군_주택용,(Intercept),5.513704702,1.245040562,4.428534195,1.91E-05
전라남도장흥군_주택용,log(grdp_month),-0.053128635,0.109893198,-0.483456999,0.62953198
전라남도장흥군_주택용,log(real_powerCPI),-0.31597148,0.119002895,-2.655157919,0.008852634
전라남도장흥군_주택용,TE_cooling,0.326700283,0.600536597,0.544013946,0.587303426
전라남도장흥군_주택용,TE_heating,1.401585337,0.292430517,4.792883279,4.17E-06
전라남도해남군_일반용,(Intercept),2.246706079,1.766470897,1.27186136,0.205546199
전라남도해남군_일반용,log(grdp_month),0.301077607,0.146621294,2.053437112,0.041905057
전라남도해남군_일반용,log(real_powerCPI),-0.390810725,0.160324558,-2.43762235,0.016047281
전라남도해남군_일반용,TE_cooling,0.475916498,0.112836709,4.217745304,4.42E-05
전라남도해남군_일반용,TE_heating,1.405056189,0.110245363,12.7448098,3.96E-25
전라남도해남군_주택용,(Intercept),4.703268577,1.398880993,3.362164902,0.000999105
전라남도해남군_주택용,log(grdp_month),0.062390817,0.116191258,0.536966534,0.592149203
전라남도해남군_주택용,log(real_powerCPI),-0.108177309,0.127126246,-0.850943942,0.396264016
전라남도해남군_주택용,TE_cooling,2.188816162,0.481709802,4.54384809,1.19E-05
전라남도해남군_주택용,TE_heating,1.370540545,0.157555736,8.698766389,8.55E-15
전라북도고창군_일반용,(Intercept),5.72840782,2.566397879,2.232080952,0.027348502
전라북도고창군_일반용,log(grdp_month),-0.012721119,0.218438517,-0.058236609,0.953650978
전라북도고창군_일반용,log(real_powerCPI),-0.901917787,0.190332014,-4.738655189,5.63E-06
전라북도고창군_일반용,TE_cooling,0.590650933,0.286605694,2.060848568,0.04134269
전라북도고창군_일반용,TE_heating,0.85068633,0.156699787,5.42876507,2.74E-07
전라북도고창군_주택용,(Intercept),5.629664412,1.493695158,3.76895137,0.000249144
전라북도고창군_주택용,log(grdp_month),-0.026419566,0.127227978,-0.207655316,0.835828131
전라북도고창군_주택용,log(real_powerCPI),-0.215317029,0.11107551,-1.938474374,0.054766589
전라북도고창군_주택용,TE_cooling,0.985168589,1.238003679,0.795771939,0.427637899
전라북도고창군_주택용,TE_heating,-0.06607439,0.275686534,-0.239672169,0.810967788
전라북도군산시_일반용,(Intercept),3.187639217,2.830417583,1.126208103,0.262018075
전라북도군산시_일반용,log(grdp_month),0.30639512,0.20914344,1.464999902,0.145179168
전라북도군산시_일반용,log(real_powerCPI),-0.699568619,0.101955792,-6.861489704,2.06E-10
전라북도군산시_일반용,TE_cooling,0.691293971,0.124771555,5.540477306,1.46E-07
전라북도군산시_일반용,TE_heating,1.21800691,0.125285193,9.721874429,2.31E-17
전라북도군산시_주택용,(Intercept),5.159576569,2.351006367,2.194624669,0.029850881
전라북도군산시_주택용,log(grdp_month),0.132797254,0.173697554,0.764531514,0.445846533
전라북도군산시_주택용,log(real_powerCPI),-0.517576988,0.085185622,-6.075872619,1.12E-08
전라북도군산시_주택용,TE_cooling,1.263972095,0.277825551,4.549517091,1.16E-05
전라북도군산시_주택용,TE_heating,0.903290309,0.168161461,5.371565542,3.20E-07
전라북도남원시_일반용,(Intercept),8.663813949,2.251654445,3.847754688,0.000181019
전라북도남원시_일반용,log(grdp_month),-0.222679638,0.190839953,-1.166839721,0.245273022
전라북도남원시_일반용,log(real_powerCPI),-0.719093932,0.088234976,-8.149760605,1.90E-13
전라북도남원시_일반용,TE_cooling,0.405923797,0.124844966,3.251423035,0.001440934
전라북도남원시_일반용,TE_heating,1.505718719,0.130162382,11.5680022,4.24E-22
전라북도남원시_주택용,(Intercept),5.726802811,1.626594735,3.520731187,0.000582424
전라북도남원시_주택용,log(grdp_month),-0.005945037,0.137846696,-0.043127889,0.96566148
전라북도남원시_주택용,log(real_powerCPI),-0.324354261,0.064194574,-5.052674076,1.35E-06
전라북도남원시_주택용,TE_cooling,1.721259263,0.508821,3.382838486,0.000932173
전라북도남원시_주택용,TE_heating,1.645144122,0.186122545,8.839037304,3.84E-15
전라북도부안군_일반용,(Intercept),-2.825801187,1.705788222,-1.656595556,0.099856892
전라북도부안군_일반용,log(grdp_month),0.745434901,0.146567227,5.08595895,1.16E-06
전라북도부안군_일반용,log(real_powerCPI),-0.359195547,0.117036251,-3.069096479,0.002582253
전라북도부안군_일반용,TE_cooling,0.540424324,0.112396296,4.808204015,3.91E-06
전라북도부안군_일반용,TE_heating,1.862093332,0.189870733,9.807163559,1.40E-17
전라북도부안군_주택용,(Intercept),6.709370261,1.348450496,4.975614811,1.89E-06
전라북도부안군_주택용,log(grdp_month),-0.128152292,0.115798774,-1.106680904,0.270343487
전라북도부안군_주택용,log(real_powerCPI),-0.067311991,0.092518228,-0.727553826,0.468110461
전라북도부안군_주택용,TE_cooling,1.902665916,0.649541748,2.92924346,0.003972587
전라북도부안군_주택용,TE_heating,2.329032379,0.421709511,5.522835784,1.59E-07
전라북도순창군_일반용,(Intercept),-3.41817773,1.207125209,-2.831667921,0.005318765
전라북도순창군_일반용,log(grdp_month),0.742431137,0.109928364,6.753772297,3.62E-10
전라북도순창군_일반용,log(real_powerCPI),-0.815789287,0.079695924,-10.23627371,1.13E-18
전라북도순창군_일반용,TE_cooling,0.66239377,0.177145498,3.739263935,0.00026893
전라북도순창군_일반용,TE_heating,1.426914201,0.101552571,14.05099042,1.83E-28
전라북도순창군_주택용,(Intercept),3.53707392,1.031307205,3.42969961,0.000795687
전라북도순창군_주택용,log(grdp_month),0.084147769,0.093883864,0.896296392,0.37164412
전라북도순창군_주택용,log(real_powerCPI),-0.343096243,0.069303035,-4.950666892,2.11E-06
전라북도순창군_주택용,TE_cooling,11.71984848,4.009361815,2.923120692,0.004046858
전라북도순창군_주택용,TE_heating,1.341541977,0.28526061,4.702864438,6.12E-06
전라북도임실군_일반용,(Intercept),-0.396093085,2.835799727,-0.139675973,0.889118193
전라북도임실군_일반용,log(grdp_month),0.488078738,0.257968865,1.892006381,0.060570044
전라북도임실군_일반용,log(real_powerCPI),-1.12293449,0.116524955,-9.636858398,3.79E-17
전라북도임실군_일반용,TE_cooling,0.301983724,0.33789617,0.89371751,0.373017842
전라북도임실군_일반용,TE_heating,1.742659596,0.176314778,9.883797701,8.95E-18
전라북도전주시_일반용,(Intercept),1.959993256,1.359681143,1.441509478,0.151689927
전라북도전주시_일반용,log(grdp_month),0.436860982,0.09697265,4.504991707,1.39E-05
전라북도전주시_일반용,log(real_powerCPI),-0.359892014,0.098221496,-3.664086066,0.00035214
전라북도전주시_일반용,TE_cooling,0.886163878,0.086967211,10.18963199,1.48E-18
전라북도전주시_일반용,TE_heating,1.452498143,0.105115614,13.81810078,7.15E-28
전라북도전주시_주택용,(Intercept),5.383857734,1.487659945,3.619011019,0.00041314
전라북도전주시_주택용,log(grdp_month),0.176582425,0.106165461,1.66327564,0.098510385
전라북도전주시_주택용,log(real_powerCPI),-0.585642742,0.107661607,-5.439661926,2.34E-07
전라북도전주시_주택용,TE_cooling,1.299320148,0.293713828,4.423762258,1.94E-05
전라북도전주시_주택용,TE_heating,0.961895954,0.176759871,5.441823121,2.31E-07
전라북도정읍시_일반용,(Intercept),2.852359574,1.415001245,2.015800045,0.045748206
전라북도정읍시_일반용,log(grdp_month),0.268071386,0.113941126,2.35271842,0.020039093
전라북도정읍시_일반용,log(real_powerCPI),-0.549203108,0.097292937,-5.644840491,8.95E-08
전라북도정읍시_일반용,TE_cooling,0.692535905,0.097633633,7.093210452,6.09E-11
전라북도정읍시_일반용,TE_heating,1.503775291,0.099963682,15.04321634,5.85E-31
충청남도금산군_일반용,(Intercept),2.489436211,2.173473972,1.145371991,0.254023297
충청남도금산군_일반용,log(grdp_month),0.259974831,0.179635674,1.447233864,0.150082968
충청남도금산군_일반용,log(real_powerCPI),-0.467791336,0.080861117,-5.785120848,4.59E-08
충청남도금산군_일반용,TE_cooling,0.414687983,0.163216129,2.540729189,0.012160454
충청남도금산군_일반용,TE_heating,1.89383645,0.156196753,12.12468511,1.56E-23
충청남도보령시_일반용,(Intercept),-2.942653984,1.786119137,-1.647512712,0.101711483
충청남도보령시_일반용,log(grdp_month),0.741270831,0.139626107,5.308970114,4.26E-07
충청남도보령시_일반용,log(real_powerCPI),-0.560210044,0.119681331,-4.680847378,6.71E-06
충청남도보령시_일반용,TE_cooling,0.546359163,0.089930119,6.075374627,1.12E-08
충청남도보령시_일반용,TE_heating,1.589788566,0.172904266,9.194617381,4.96E-16
충청남도보령시_주택용,(Intercept),4.891309536,1.271164526,3.847896505,0.000180924
충청남도보령시_주택용,log(grdp_month),0.079682651,0.099374784,0.801839742,0.424014345
충청남도보령시_주택용,log(real_powerCPI),-0.513958604,0.085683911,-5.998309322,1.64E-08
충청남도보령시_주택용,TE_cooling,1.485567794,0.283748897,5.235501564,5.95E-07
충청남도보령시_주택용,TE_heating,1.331651782,0.191590862,6.950497349,1.29E-10
충청남도부여군_일반용,(Intercept),2.774440239,1.746744517,1.588349191,0.114479487
충청남도부여군_일반용,log(grdp_month),0.239483932,0.146018986,1.640087629,0.103248088
충청남도부여군_일반용,log(real_powerCPI),-0.497036043,0.112032252,-4.436544267,1.84E-05
충청남도부여군_일반용,TE_cooling,0.664884422,0.136921424,4.855956091,3.18E-06
충청남도부여군_일반용,TE_heating,1.773825275,0.167724553,10.57582355,1.52E-19
충청남도서산시_일반용,(Intercept),-3.847900402,1.809335933,-2.126692082,0.035212177
충청남도서산시_일반용,log(grdp_month),0.763686712,0.127806102,5.975354089,1.83E-08
충청남도서산시_일반용,log(real_powerCPI),-1.153327321,0.114125426,-10.10578764,2.43E-18
충청남도서산시_일반용,TE_cooling,0.332896584,0.118801517,2.802124029,0.005801841
충청남도서산시_일반용,TE_heating,1.218461996,0.119840835,10.16733569,1.69E-18
충청남도서산시_주택용,(Intercept),1.586304448,1.734279115,0.914676556,0.361945432
충청남도서산시_주택용,log(grdp_month),0.350803841,0.122536076,2.862861724,0.004848805
충청남도서산시_주택용,log(real_powerCPI),-0.981133547,0.111847121,-8.772094783,5.63E-15
충청남도서산시_주택용,TE_cooling,0.802900316,0.391413433,2.05128452,0.042117166
충청남도서산시_주택용,TE_heating,0.984805449,0.23097714,4.263648986,3.69E-05
충청남도천안시_일반용,(Intercept),3.962495636,2.230505342,1.776501298,0.077837885
충청남도천안시_일반용,log(grdp_month),0.286639436,0.153336822,1.86934509,0.063678768
충청남도천안시_일반용,log(real_powerCPI),-0.750610691,0.108336408,-6.928517462,1.45E-10
충청남도천안시_일반용,TE_cooling,0.7082853,0.125496506,5.643864683,9.00E-08
충청남도천안시_일반용,TE_heating,1.299544153,0.110329687,11.77873504,1.21E-22
충청남도홍성군_일반용,(Intercept),4.408973341,2.885450083,1.528001946,0.13108354
충청남도홍성군_일반용,log(grdp_month),0.156316948,0.230882803,0.67704024,0.500644054
충청남도홍성군_일반용,log(real_powerCPI),-0.771266715,0.167640649,-4.600714198,1.86E-05
충청남도홍성군_일반용,TE_cooling,-0.205675598,0.290146674,-0.708867676,0.480794841
충청남도홍성군_일반용,TE_heating,0.739698208,0.127369739,5.807487826,1.77E-07
충청북도보은군_일반용,(Intercept),-1.06175326,0.909368512,-1.167572053,0.24497834
충청북도보은군_일반용,log(grdp_month),0.550133347,0.079508535,6.919173502,1.53E-10
충청북도보은군_일반용,log(real_powerCPI),-0.788387717,0.118343411,-6.66186406,5.82E-10
충청북도보은군_일반용,TE_cooling,0.092708971,0.148822943,0.622948109,0.534339352
충청북도보은군_일반용,TE_heating,1.880566864,0.145226427,12.94920558,1.18E-25
충청북도보은군_주택용,(Intercept),4.051881993,0.610243977,6.639773839,6.52E-10
충청북도보은군_주택용,log(grdp_month),0.059973665,0.053380924,1.123503694,0.263160296
충청북도보은군_주택용,log(real_powerCPI),-0.412646909,0.080552423,-5.122712589,9.87E-07
충청북도보은군_주택용,TE_cooling,1.260652092,0.77475292,1.627166622,0.105966496
충청북도보은군_주택용,TE_heating,1.763201685,0.197647537,8.920939312,2.40E-15
충청북도영동군_일반용,(Intercept),4.457678429,1.819674966,2.449711356,0.01554051
충청북도영동군_일반용,log(grdp_month),0.081835377,0.160017025,0.511416684,0.609870757
충청북도영동군_일반용,log(real_powerCPI),-0.741682524,0.116147188,-6.385712269,2.38E-09
충청북도영동군_일반용,TE_cooling,0.092783497,0.234851175,0.39507359,0.693394188
충청북도영동군_일반용,TE_heating,1.662649266,0.155326167,10.70424449,7.11E-20
충청북도제천시_일반용,(Intercept),0.191553194,1.361692998,0.14067282,0.88833207
충청북도제천시_일반용,log(grdp_month),0.507685396,0.109111397,4.652908954,7.55E-06
충청북도제천시_일반용,log(real_powerCPI),-0.149215003,0.116736659,-1.278218883,0.203302582
충청북도제천시_일반용,TE_cooling,0.675079553,0.176170802,3.8319605,0.000191852
충청북도제천시_일반용,TE_heating,1.610036791,0.12107037,13.29835525,1.51E-26
충청북도제천시_주택용,(Intercept),5.647132557,1.01165029,5.582099479,1.20E-07
충청북도제천시_주택용,log(grdp_month),0.043541925,0.081071304,0.537081839,0.592069772
충청북도제천시_주택용,log(real_powerCPI),-0.490107355,0.088198297,-5.55688005,1.35E-07
충청북도제천시_주택용,TE_cooling,1.186836348,0.648836237,1.82917704,0.069516256
충청북도제천시_주택용,TE_heating,1.181226541,0.142853055,8.268822428,9.77E-14
충청북도청주시_일반용,(Intercept),-8.914899732,1.544750973,-5.771091838,4.91E-08
충청북도청주시_일반용,log(grdp_month),1.162036081,0.103736698,11.20178402,3.73E-21
충청북도청주시_일반용,log(real_powerCPI),0.014056101,0.18772162,0.074877369,0.940419937
충청북도청주시_일반용,TE_cooling,0.855871553,0.120904442,7.078909067,6.57E-11
충청북도청주시_일반용,TE_heating,1.51117428,0.15969681,9.462770624,1.05E-16
충청북도청주시_주택용,(Intercept),-3.617801948,1.374936535,-2.631250139,0.009467666
충청북도청주시_주택용,log(grdp_month),0.787882038,0.092385297,8.528218954,2.26E-14
충청북도청주시_주택용,log(real_powerCPI),-0.196030778,0.170782304,-1.147840104,0.253006259
충청북도청주시_주택용,TE_cooling,1.206882655,0.260605336,4.631074221,8.27E-06
충청북도청주시_주택용,TE_heating,0.978568892,0.212383462,4.607556922,9.12E-06
충청북도충주시_일반용,(Intercept),1.090203319,1.02659255,1.061963015,0.290094078
충청북도충주시_일반용,log(grdp_month),0.452943488,0.076999026,5.882457355,2.87E-08
충청북도충주시_일반용,log(real_powerCPI),-0.357112084,0.122093952,-2.924895783,0.004025195
충청북도충주시_일반용,TE_cooling,0.571849782,0.118854866,4.811328326,3.85E-06
충청북도충주시_일반용,TE_heating,1.448189892,0.111980214,12.93255155,1.31E-25
충청북도충주시_주택용,(Intercept),5.019082445,0.971289079,5.167444534,8.08E-07
충청북도충주시_주택용,log(grdp_month),0.125519318,0.072844261,1.723118831,0.087090806
충청북도충주시_주택용,log(real_powerCPI),-0.657575096,0.116872167,-5.626447365,9.77E-08
충청북도충주시_주택용,TE_cooling,0.980394891,0.311739107,3.144921085,0.002032016
충청북도충주시_주택용,TE_heating,0.987347743,0.158942456,6.211982433,5.70E-09
